{"parent":"minecraft:item/generated","textures":{"layer0":"minecraft:item/arrow"},"overrides":[{"predicate":{"custom_model_data":1000},"model":"minecraft:item/custom/gui/next_page_0"},{"predicate":{"custom_model_data":1001},"model":"minecraft:item/custom/gui/next_page_1"},{"predicate":{"custom_model_data":1002},"model":"minecraft:item/custom/gui/previous_page_0"},{"predicate":{"custom_model_data":1003},"model":"minecraft:item/custom/gui/previous_page_1"},{"predicate":{"custom_model_data":1004},"model":"minecraft:item/custom/gui/return"},{"predicate":{"custom_model_data":1005},"model":"minecraft:item/custom/gui/get_item"},{"predicate":{"custom_model_data":1006},"model":"minecraft:item/custom/gui/cooking_info"},{"predicate":{"custom_model_data":1007},"model":"minecraft:item/custom/gui/exit"}]}