{"parent":"minecraft:item/generated","overrides":[{"model":"minecraft:item/chainmail_helmet_quartz_trim","predicate":{"trim_type":0.1}},{"model":"minecraft:item/chainmail_helmet_iron_trim","predicate":{"trim_type":0.2}},{"model":"minecraft:item/chainmail_helmet_netherite_trim","predicate":{"trim_type":0.3}},{"model":"minecraft:item/chainmail_helmet_redstone_trim","predicate":{"trim_type":0.4}},{"model":"minecraft:item/chainmail_helmet_copper_trim","predicate":{"trim_type":0.5}},{"model":"minecraft:item/chainmail_helmet_gold_trim","predicate":{"trim_type":0.6}},{"model":"minecraft:item/chainmail_helmet_emerald_trim","predicate":{"trim_type":0.7}},{"model":"minecraft:item/chainmail_helmet_diamond_trim","predicate":{"trim_type":0.8}},{"model":"minecraft:item/chainmail_helmet_lapis_trim","predicate":{"trim_type":0.9}},{"model":"minecraft:item/chainmail_helmet_amethyst_trim","predicate":{"trim_type":1.0}},{"predicate":{"trim_type":0.0,"custom_model_data":1000},"model":"minecraft:item/custom/topaz_helmet"},{"predicate":{"trim_type":0.1,"custom_model_data":1000},"model":"minecraft:item/custom/topaz_helmet_quartz_trim"},{"predicate":{"trim_type":0.2,"custom_model_data":1000},"model":"minecraft:item/custom/topaz_helmet_iron_trim"},{"predicate":{"trim_type":0.3,"custom_model_data":1000},"model":"minecraft:item/custom/topaz_helmet_netherite_trim"},{"predicate":{"trim_type":0.4,"custom_model_data":1000},"model":"minecraft:item/custom/topaz_helmet_redstone_trim"},{"predicate":{"trim_type":0.5,"custom_model_data":1000},"model":"minecraft:item/custom/topaz_helmet_copper_trim"},{"predicate":{"trim_type":0.6,"custom_model_data":1000},"model":"minecraft:item/custom/topaz_helmet_gold_trim"},{"predicate":{"trim_type":0.7,"custom_model_data":1000},"model":"minecraft:item/custom/topaz_helmet_emerald_trim"},{"predicate":{"trim_type":0.8,"custom_model_data":1000},"model":"minecraft:item/custom/topaz_helmet_diamond_trim"},{"predicate":{"trim_type":0.9,"custom_model_data":1000},"model":"minecraft:item/custom/topaz_helmet_lapis_trim"},{"predicate":{"trim_type":1.0,"custom_model_data":1000},"model":"minecraft:item/custom/topaz_helmet_amethyst_trim"}],"textures":{"layer0":"minecraft:item/chainmail_helmet"}}