{"parent":"minecraft:item/generated","overrides":[{"model":"minecraft:item/chainmail_chestplate_quartz_trim","predicate":{"trim_type":0.1}},{"model":"minecraft:item/chainmail_chestplate_iron_trim","predicate":{"trim_type":0.2}},{"model":"minecraft:item/chainmail_chestplate_netherite_trim","predicate":{"trim_type":0.3}},{"model":"minecraft:item/chainmail_chestplate_redstone_trim","predicate":{"trim_type":0.4}},{"model":"minecraft:item/chainmail_chestplate_copper_trim","predicate":{"trim_type":0.5}},{"model":"minecraft:item/chainmail_chestplate_gold_trim","predicate":{"trim_type":0.6}},{"model":"minecraft:item/chainmail_chestplate_emerald_trim","predicate":{"trim_type":0.7}},{"model":"minecraft:item/chainmail_chestplate_diamond_trim","predicate":{"trim_type":0.8}},{"model":"minecraft:item/chainmail_chestplate_lapis_trim","predicate":{"trim_type":0.9}},{"model":"minecraft:item/chainmail_chestplate_amethyst_trim","predicate":{"trim_type":1.0}},{"predicate":{"trim_type":0.0,"custom_model_data":1000},"model":"minecraft:item/custom/topaz_chestplate"},{"predicate":{"trim_type":0.1,"custom_model_data":1000},"model":"minecraft:item/custom/topaz_chestplate_quartz_trim"},{"predicate":{"trim_type":0.2,"custom_model_data":1000},"model":"minecraft:item/custom/topaz_chestplate_iron_trim"},{"predicate":{"trim_type":0.3,"custom_model_data":1000},"model":"minecraft:item/custom/topaz_chestplate_netherite_trim"},{"predicate":{"trim_type":0.4,"custom_model_data":1000},"model":"minecraft:item/custom/topaz_chestplate_redstone_trim"},{"predicate":{"trim_type":0.5,"custom_model_data":1000},"model":"minecraft:item/custom/topaz_chestplate_copper_trim"},{"predicate":{"trim_type":0.6,"custom_model_data":1000},"model":"minecraft:item/custom/topaz_chestplate_gold_trim"},{"predicate":{"trim_type":0.7,"custom_model_data":1000},"model":"minecraft:item/custom/topaz_chestplate_emerald_trim"},{"predicate":{"trim_type":0.8,"custom_model_data":1000},"model":"minecraft:item/custom/topaz_chestplate_diamond_trim"},{"predicate":{"trim_type":0.9,"custom_model_data":1000},"model":"minecraft:item/custom/topaz_chestplate_lapis_trim"},{"predicate":{"trim_type":1.0,"custom_model_data":1000},"model":"minecraft:item/custom/topaz_chestplate_amethyst_trim"}],"textures":{"layer0":"minecraft:item/chainmail_chestplate"}}