{"parent":"minecraft:item/generated","textures":{"layer0":"minecraft:item/nether_brick"},"overrides":[{"predicate":{"custom_model_data":1000},"model":"minecraft:item/custom/palm_sapling"},{"predicate":{"custom_model_data":1010},"model":"minecraft:item/custom/topaz_ore"},{"predicate":{"custom_model_data":1011},"model":"minecraft:item/custom/deepslate_topaz_ore"},{"predicate":{"custom_model_data":1012},"model":"minecraft:item/custom/topaz"},{"predicate":{"custom_model_data":2000},"model":"minecraft:item/custom/bench"},{"predicate":{"custom_model_data":2001},"model":"minecraft:item/custom/table_lamp"},{"predicate":{"custom_model_data":2002},"model":"minecraft:item/custom/wooden_chair"},{"predicate":{"custom_model_data":3000},"model":"minecraft:item/custom/chinese_lantern"},{"predicate":{"custom_model_data":3001},"model":"minecraft:item/custom/netherite_anvil"},{"predicate":{"custom_model_data":3002},"model":"minecraft:item/custom/gunpowder_block"},{"predicate":{"custom_model_data":3003},"model":"minecraft:item/custom/solid_gunpowder_block"},{"predicate":{"custom_model_data":4000},"model":"minecraft:item/custom/fairy_flower"},{"predicate":{"custom_model_data":4001},"model":"minecraft:item/custom/reed"},{"predicate":{"custom_model_data":4002},"model":"minecraft:item/custom/flame_cane"},{"predicate":{"custom_model_data":4003},"model":"minecraft:item/custom/ender_pearl_flower_seeds"}]}