{"block.stone.place":{"sounds":[],"replace":true},"replaced.block.stone.place":{"sounds":["dig/stone1","dig/stone2","dig/stone3","dig/stone4"],"subtitle":"subtitles.block.generic.place"},"block.stone.fall":{"sounds":[],"replace":true},"replaced.block.stone.fall":{"sounds":["step/stone1","step/stone2","step/stone3","step/stone4","step/stone5","step/stone6"],"subtitle":"subtitles.block.generic.fall"},"block.stone.hit":{"sounds":[],"replace":true},"replaced.block.stone.hit":{"sounds":["step/stone1","step/stone2","step/stone3","step/stone4","step/stone5","step/stone6"],"subtitle":"subtitles.block.generic.hit"},"block.stone.step":{"sounds":[],"replace":true},"replaced.block.stone.step":{"sounds":["step/stone1","step/stone2","step/stone3","step/stone4","step/stone5","step/stone6"],"subtitle":"subtitles.block.generic.footsteps"},"block.stone.break":{"sounds":[],"replace":true},"replaced.block.stone.break":{"sounds":["dig/stone1","dig/stone2","dig/stone3","dig/stone4"],"subtitle":"subtitles.block.generic.break"},"block.cave_vines.place":{"sounds":[],"replace":true},"replaced.block.cave_vines.place":{"sounds":["block/cave_vines/break1","block/cave_vines/break2","block/cave_vines/break3","block/cave_vines/break4","block/cave_vines/break5"],"subtitle":"subtitles.block.generic.place"},"block.cave_vines.fall":{"sounds":[],"replace":true},"replaced.block.cave_vines.fall":{"sounds":["block/vine/climb1","block/vine/climb2","block/vine/climb3","block/vine/climb4","block/vine/climb5"],"subtitle":"subtitles.block.generic.fall"},"block.cave_vines.hit":{"sounds":[],"replace":true},"replaced.block.cave_vines.hit":{"sounds":["block/vine/climb1","block/vine/climb2","block/vine/climb3","block/vine/climb4","block/vine/climb5"],"subtitle":"subtitles.block.generic.hit"},"block.cave_vines.step":{"sounds":[],"replace":true},"replaced.block.cave_vines.step":{"sounds":["block/vine/climb1","block/vine/climb2","block/vine/climb3","block/vine/climb4","block/vine/climb5"],"subtitle":"subtitles.block.generic.footsteps"},"block.cave_vines.break":{"sounds":[],"replace":true},"replaced.block.cave_vines.break":{"sounds":["block/cave_vines/break1","block/cave_vines/break2","block/cave_vines/break3","block/cave_vines/break4","block/cave_vines/break5"],"subtitle":"subtitles.block.generic.break"},"block.grass.place":{"sounds":[],"replace":true},"replaced.block.grass.place":{"sounds":["dig/grass1","dig/grass2","dig/grass3","dig/grass4"],"subtitle":"subtitles.block.generic.place"},"block.grass.fall":{"sounds":[],"replace":true},"replaced.block.grass.fall":{"sounds":["step/grass1","step/grass2","step/grass3","step/grass4","step/grass5","step/grass6"],"subtitle":"subtitles.block.generic.fall"},"block.grass.hit":{"sounds":[],"replace":true},"replaced.block.grass.hit":{"sounds":["step/grass1","step/grass2","step/grass3","step/grass4","step/grass5","step/grass6"],"subtitle":"subtitles.block.generic.hit"},"block.grass.step":{"sounds":[],"replace":true},"replaced.block.grass.step":{"sounds":["step/grass1","step/grass2","step/grass3","step/grass4","step/grass5","step/grass6"],"subtitle":"subtitles.block.generic.footsteps"},"block.grass.break":{"sounds":[],"replace":true},"replaced.block.grass.break":{"sounds":["dig/grass1","dig/grass2","dig/grass3","dig/grass4"],"subtitle":"subtitles.block.generic.break"},"block.anvil.place":{"sounds":[],"replace":true},"replaced.block.anvil.place":{"sounds":["random/anvil_land"],"subtitle":"subtitles.block.generic.place"},"block.anvil.fall":{"sounds":[],"replace":true},"replaced.block.anvil.fall":{"sounds":["step/stone1","step/stone2","step/stone3","step/stone4","step/stone5","step/stone6"],"subtitle":"subtitles.block.generic.fall"},"block.anvil.hit":{"sounds":[],"replace":true},"replaced.block.anvil.hit":{"sounds":["step/stone1","step/stone2","step/stone3","step/stone4","step/stone5","step/stone6"],"subtitle":"subtitles.block.generic.hit"},"block.anvil.step":{"sounds":[],"replace":true},"replaced.block.anvil.step":{"sounds":["step/stone1","step/stone2","step/stone3","step/stone4","step/stone5","step/stone6"],"subtitle":"subtitles.block.generic.footsteps"},"block.anvil.break":{"sounds":[],"replace":true},"replaced.block.anvil.break":{"sounds":["dig/stone1","dig/stone2","dig/stone3","dig/stone4"],"subtitle":"subtitles.block.generic.break"},"block.cherry_sapling.place":{"sounds":[],"replace":true},"replaced.block.cherry_sapling.place":{"sounds":["block/bamboo/sapling_place1","block/bamboo/sapling_place2","block/bamboo/sapling_place3","block/bamboo/sapling_place4","block/bamboo/sapling_place5","block/bamboo/sapling_place6"],"subtitle":"subtitles.block.generic.place"},"block.cherry_sapling.fall":{"sounds":[],"replace":true},"replaced.block.cherry_sapling.fall":{"sounds":["block/bamboo/sapling_hit1","block/bamboo/sapling_hit2","block/bamboo/sapling_hit3","block/bamboo/sapling_hit4","block/bamboo/sapling_hit5"],"subtitle":"subtitles.block.generic.fall"},"block.cherry_sapling.hit":{"sounds":[],"replace":true},"replaced.block.cherry_sapling.hit":{"sounds":["block/bamboo/sapling_hit1","block/bamboo/sapling_hit2","block/bamboo/sapling_hit3","block/bamboo/sapling_hit4","block/bamboo/sapling_hit5"],"subtitle":"subtitles.block.generic.hit"},"block.cherry_sapling.step":{"sounds":[],"replace":true},"replaced.block.cherry_sapling.step":{"sounds":["block/bamboo/sapling_hit1","block/bamboo/sapling_hit2","block/bamboo/sapling_hit3","block/bamboo/sapling_hit4","block/bamboo/sapling_hit5"],"subtitle":"subtitles.block.generic.footsteps"},"block.cherry_sapling.break":{"sounds":[],"replace":true},"replaced.block.cherry_sapling.break":{"sounds":["block/bamboo/sapling_place1","block/bamboo/sapling_place2","block/bamboo/sapling_place3","block/bamboo/sapling_place4","block/bamboo/sapling_place5","block/bamboo/sapling_place6"],"subtitle":"subtitles.block.generic.break"},"block.wool.place":{"sounds":[],"replace":true},"replaced.block.wool.place":{"sounds":["dig/cloth1","dig/cloth2","dig/cloth3","dig/cloth4"],"subtitle":"subtitles.block.generic.place"},"block.wool.fall":{"sounds":[],"replace":true},"replaced.block.wool.fall":{"sounds":["step/cloth1","step/cloth2","step/cloth3","step/cloth4"],"subtitle":"subtitles.block.generic.fall"},"block.wool.hit":{"sounds":[],"replace":true},"replaced.block.wool.hit":{"sounds":["step/cloth1","step/cloth2","step/cloth3","step/cloth4"],"subtitle":"subtitles.block.generic.hit"},"block.wool.step":{"sounds":[],"replace":true},"replaced.block.wool.step":{"sounds":["step/cloth1","step/cloth2","step/cloth3","step/cloth4"],"subtitle":"subtitles.block.generic.footsteps"},"block.wool.break":{"sounds":[],"replace":true},"replaced.block.wool.break":{"sounds":["dig/cloth1","dig/cloth2","dig/cloth3","dig/cloth4"],"subtitle":"subtitles.block.generic.break"},"block.azalea_leaves.place":{"sounds":[],"replace":true},"replaced.block.azalea_leaves.place":{"sounds":[{"name":"block/azalea_leaves/break1","volume":0.85},{"name":"block/azalea_leaves/break1","pitch":0.92,"volume":0.85},{"name":"block/azalea_leaves/break2","volume":0.85},{"name":"block/azalea_leaves/break2","pitch":0.92,"volume":0.85},{"name":"block/azalea_leaves/break3","volume":0.85},{"name":"block/azalea_leaves/break3","pitch":0.92,"volume":0.85},{"name":"block/azalea_leaves/break4","volume":0.85},{"name":"block/azalea_leaves/break4","pitch":0.92,"volume":0.85},{"name":"block/azalea_leaves/break5","volume":0.85},{"name":"block/azalea_leaves/break5","pitch":0.92,"volume":0.85},{"name":"block/azalea_leaves/break6","volume":0.85},{"name":"block/azalea_leaves/break6","pitch":0.92,"volume":0.85},{"name":"block/azalea_leaves/break7","volume":0.85},{"name":"block/azalea_leaves/break7","pitch":0.92,"volume":0.85}],"subtitle":"subtitles.block.generic.place"},"block.azalea_leaves.fall":{"sounds":[],"replace":true},"replaced.block.azalea_leaves.fall":{"sounds":["block/azalea_leaves/step1","block/azalea_leaves/step2","block/azalea_leaves/step3","block/azalea_leaves/step4","block/azalea_leaves/step5"],"subtitle":"subtitles.block.generic.fall"},"block.azalea_leaves.hit":{"sounds":[],"replace":true},"replaced.block.azalea_leaves.hit":{"sounds":[{"name":"block/azalea_leaves/step1","volume":0.8},{"name":"block/azalea_leaves/step2","volume":0.8},{"name":"block/azalea_leaves/step3","volume":0.8},{"name":"block/azalea_leaves/step4","volume":0.8},{"name":"block/azalea_leaves/step5","volume":0.8}],"subtitle":"subtitles.block.generic.hit"},"block.azalea_leaves.step":{"sounds":[],"replace":true},"replaced.block.azalea_leaves.step":{"sounds":[{"name":"block/azalea_leaves/step1","volume":0.85},{"name":"block/azalea_leaves/step2","volume":0.85},{"name":"block/azalea_leaves/step3","volume":0.85},{"name":"block/azalea_leaves/step4","volume":0.85},{"name":"block/azalea_leaves/step5","volume":0.85}],"subtitle":"subtitles.block.generic.footsteps"},"block.azalea_leaves.break":{"sounds":[],"replace":true},"replaced.block.azalea_leaves.break":{"sounds":[{"name":"block/azalea_leaves/break1","volume":0.85},{"name":"block/azalea_leaves/break1","pitch":0.92,"volume":0.85},{"name":"block/azalea_leaves/break2","volume":0.85},{"name":"block/azalea_leaves/break2","pitch":0.92,"volume":0.85},{"name":"block/azalea_leaves/break3","volume":0.85},{"name":"block/azalea_leaves/break3","pitch":0.92,"volume":0.85},{"name":"block/azalea_leaves/break4","volume":0.85},{"name":"block/azalea_leaves/break4","pitch":0.92,"volume":0.85},{"name":"block/azalea_leaves/break5","volume":0.85},{"name":"block/azalea_leaves/break5","pitch":0.92,"volume":0.85},{"name":"block/azalea_leaves/break6","volume":0.85},{"name":"block/azalea_leaves/break6","pitch":0.92,"volume":0.85},{"name":"block/azalea_leaves/break7","volume":0.85},{"name":"block/azalea_leaves/break7","pitch":0.92,"volume":0.85}],"subtitle":"subtitles.block.generic.break"},"block.weeping_vines.place":{"sounds":[],"replace":true},"replaced.block.weeping_vines.place":{"sounds":["block/roots/break1","block/roots/break2","block/roots/break3","block/roots/break4","block/roots/break5","block/roots/break6"],"subtitle":"subtitles.block.generic.place"},"block.weeping_vines.fall":{"sounds":[],"replace":true},"replaced.block.weeping_vines.fall":{"sounds":["block/roots/break1","block/roots/break2","block/roots/break3","block/roots/break4","block/roots/break5","block/roots/break6"],"subtitle":"subtitles.block.generic.fall"},"block.weeping_vines.hit":{"sounds":[],"replace":true},"replaced.block.weeping_vines.hit":{"sounds":["block/roots/break1","block/roots/break2","block/roots/break3","block/roots/break4","block/roots/break5","block/roots/break6"],"subtitle":"subtitles.block.generic.hit"},"block.weeping_vines.step":{"sounds":[],"replace":true},"replaced.block.weeping_vines.step":{"sounds":["block/roots/step1","block/roots/step2","block/roots/step3","block/roots/step4","block/roots/step5"],"subtitle":"subtitles.block.generic.footsteps"},"block.weeping_vines.break":{"sounds":[],"replace":true},"replaced.block.weeping_vines.break":{"sounds":["block/roots/break1","block/roots/break2","block/roots/break3","block/roots/break4","block/roots/break5","block/roots/break6"],"subtitle":"subtitles.block.generic.break"},"block.cherry_leaves.place":{"sounds":[],"replace":true},"replaced.block.cherry_leaves.place":{"sounds":["block/cherry_leaves/break1","block/cherry_leaves/break2","block/cherry_leaves/break3","block/cherry_leaves/break4","block/cherry_leaves/break5"],"subtitle":"subtitles.block.generic.place"},"block.cherry_leaves.fall":{"sounds":[],"replace":true},"replaced.block.cherry_leaves.fall":{"sounds":["block/cherry_leaves/step1","block/cherry_leaves/step2","block/cherry_leaves/step3","block/cherry_leaves/step4","block/cherry_leaves/step5"],"subtitle":"subtitles.block.generic.fall"},"block.cherry_leaves.hit":{"sounds":[],"replace":true},"replaced.block.cherry_leaves.hit":{"sounds":[{"name":"block/cherry_leaves/step1","volume":0.8},{"name":"block/cherry_leaves/step2","volume":0.8},{"name":"block/cherry_leaves/step3","volume":0.8},{"name":"block/cherry_leaves/step4","volume":0.8},{"name":"block/cherry_leaves/step5","volume":0.8}],"subtitle":"subtitles.block.generic.hit"},"block.cherry_leaves.step":{"sounds":[],"replace":true},"replaced.block.cherry_leaves.step":{"sounds":["block/cherry_leaves/step1","block/cherry_leaves/step2","block/cherry_leaves/step3","block/cherry_leaves/step4","block/cherry_leaves/step5"],"subtitle":"subtitles.block.generic.footsteps"},"block.cherry_leaves.break":{"sounds":[],"replace":true},"replaced.block.cherry_leaves.break":{"sounds":["block/cherry_leaves/break1","block/cherry_leaves/break2","block/cherry_leaves/break3","block/cherry_leaves/break4","block/cherry_leaves/break5"],"subtitle":"subtitles.block.generic.break"},"block.sculk_sensor.place":{"sounds":[],"replace":true},"replaced.block.sculk_sensor.place":{"sounds":[{"name":"block/sculk_sensor/place1","pitch":1.2,"volume":0.8},{"name":"block/sculk_sensor/place2","pitch":1.2,"volume":0.8},{"name":"block/sculk_sensor/place3","pitch":1.2,"volume":0.8},{"name":"block/sculk_sensor/place4","pitch":1.2,"volume":0.8},{"name":"block/sculk_sensor/place5","pitch":1.2,"volume":0.8}],"subtitle":"subtitles.block.generic.place"},"block.sculk_sensor.fall":{"sounds":[],"replace":true},"replaced.block.sculk_sensor.fall":{"sounds":["block/sculk/step1","block/sculk/step2","block/sculk/step3","block/sculk/step4","block/sculk/step5","block/sculk/step6"],"subtitle":"subtitles.block.generic.fall"},"block.sculk_sensor.hit":{"sounds":[],"replace":true},"replaced.block.sculk_sensor.hit":{"sounds":["block/sculk/step1","block/sculk/step2","block/sculk/step3","block/sculk/step4","block/sculk/step5","block/sculk/step6"],"subtitle":"subtitles.block.generic.hit"},"block.sculk_sensor.step":{"sounds":[],"replace":true},"replaced.block.sculk_sensor.step":{"sounds":["block/sculk/step1","block/sculk/step2","block/sculk/step3","block/sculk/step4","block/sculk/step5","block/sculk/step6"],"subtitle":"subtitles.block.generic.footsteps"},"block.sculk_sensor.break":{"sounds":[],"replace":true},"replaced.block.sculk_sensor.break":{"sounds":[{"name":"block/sculk_sensor/break1","pitch":1.2,"volume":0.9},{"name":"block/sculk_sensor/break2","pitch":1.2,"volume":0.9},{"name":"block/sculk_sensor/break3","pitch":1.2,"volume":0.9},{"name":"block/sculk_sensor/break4","pitch":1.2,"volume":0.9},{"name":"block/sculk_sensor/break5","pitch":1.2,"volume":0.9}],"subtitle":"subtitles.block.generic.break"},"block.wet_grass.place":{"sounds":[],"replace":true},"replaced.block.wet_grass.place":{"sounds":[{"name":"dig/wet_grass1","volume":0.8},{"name":"dig/wet_grass2","volume":0.8},{"name":"dig/wet_grass3","volume":0.8},{"name":"dig/wet_grass4","volume":0.8}],"subtitle":"subtitles.block.generic.place"},"block.wet_grass.fall":{"sounds":[],"replace":true},"replaced.block.wet_grass.fall":{"sounds":["step/wet_grass1","step/wet_grass2","step/wet_grass3","step/wet_grass4","step/wet_grass5","step/wet_grass6"],"subtitle":"subtitles.block.generic.fall"},"block.wet_grass.hit":{"sounds":[],"replace":true},"replaced.block.wet_grass.hit":{"sounds":["step/wet_grass1","step/wet_grass2","step/wet_grass3","step/wet_grass4","step/wet_grass5","step/wet_grass6"],"subtitle":"subtitles.block.generic.hit"},"block.wet_grass.step":{"sounds":[],"replace":true},"replaced.block.wet_grass.step":{"sounds":["step/wet_grass1","step/wet_grass2","step/wet_grass3","step/wet_grass4","step/wet_grass5","step/wet_grass6"],"subtitle":"subtitles.block.generic.footsteps"},"block.wet_grass.break":{"sounds":[],"replace":true},"replaced.block.wet_grass.break":{"sounds":[{"name":"dig/wet_grass1","volume":0.8},{"name":"dig/wet_grass2","volume":0.8},{"name":"dig/wet_grass3","volume":0.8},{"name":"dig/wet_grass4","volume":0.8}],"subtitle":"subtitles.block.generic.break"},"block.wood.place":{"sounds":[],"replace":true},"replaced.block.wood.place":{"sounds":["dig/wood1","dig/wood2","dig/wood3","dig/wood4"],"subtitle":"subtitles.block.generic.place"},"block.wood.fall":{"sounds":[],"replace":true},"replaced.block.wood.fall":{"sounds":["step/wood1","step/wood2","step/wood3","step/wood4","step/wood5","step/wood6"],"subtitle":"subtitles.block.generic.fall"},"block.wood.hit":{"sounds":[],"replace":true},"replaced.block.wood.hit":{"sounds":["step/wood1","step/wood2","step/wood3","step/wood4","step/wood5","step/wood6"],"subtitle":"subtitles.block.generic.hit"},"block.wood.step":{"sounds":[],"replace":true},"replaced.block.wood.step":{"sounds":["step/wood1","step/wood2","step/wood3","step/wood4","step/wood5","step/wood6"],"subtitle":"subtitles.block.generic.footsteps"},"block.wood.break":{"sounds":[],"replace":true},"replaced.block.wood.break":{"sounds":["dig/wood1","dig/wood2","dig/wood3","dig/wood4"],"subtitle":"subtitles.block.generic.break"}}