{"variants":{"age=0":{"model":"minecraft:block/sugar_cane"},"age=4":{"model":"minecraft:block/custom/ender_pearl_flower_stage_2"},"age=3":[{"model":"minecraft:block/custom/flame_cane_1","weight":1},{"model":"minecraft:block/custom/flame_cane_2","weight":1}],"age=2":{"model":"minecraft:block/custom/reed"},"age=1":[{"model":"minecraft:block/custom/fairy_flower_1","weight":100},{"model":"minecraft:block/custom/fairy_flower_2","weight":5},{"model":"minecraft:block/custom/fairy_flower_3","weight":5},{"model":"minecraft:block/custom/fairy_flower_4","weight":5}]}}