{"model":{"type":"minecraft:range_dispatch","property":"minecraft:custom_model_data","fallback":{"type":"minecraft:model","model":"minecraft:item/arrow"},"entries":[{"threshold":1000,"model":{"type":"minecraft:model","model":"minecraft:item/custom/gui/next_page_0"}},{"threshold":1001,"model":{"type":"minecraft:model","model":"minecraft:item/custom/gui/next_page_1"}},{"threshold":1002,"model":{"type":"minecraft:model","model":"minecraft:item/custom/gui/previous_page_0"}},{"threshold":1003,"model":{"type":"minecraft:model","model":"minecraft:item/custom/gui/previous_page_1"}},{"threshold":1004,"model":{"type":"minecraft:model","model":"minecraft:item/custom/gui/return"}},{"threshold":1005,"model":{"type":"minecraft:model","model":"minecraft:item/custom/gui/get_item"}},{"threshold":1006,"model":{"type":"minecraft:model","model":"minecraft:item/custom/gui/cooking_info"}},{"threshold":1007,"model":{"type":"minecraft:model","model":"minecraft:item/custom/gui/exit"}}]}}