{"model":{"type":"minecraft:range_dispatch","property":"minecraft:custom_model_data","fallback":{"type":"minecraft:condition","on_false":{"type":"minecraft:model","model":"minecraft:item/bow"},"on_true":{"type":"minecraft:range_dispatch","entries":[{"model":{"type":"minecraft:model","model":"minecraft:item/bow_pulling_1"},"threshold":0.65},{"model":{"type":"minecraft:model","model":"minecraft:item/bow_pulling_2"},"threshold":0.9}],"fallback":{"type":"minecraft:model","model":"minecraft:item/bow_pulling_0"},"property":"minecraft:use_duration","scale":0.05},"property":"minecraft:using_item"},"entries":[{"threshold":1000,"model":{"type":"minecraft:condition","on_true":{"type":"minecraft:range_dispatch","property":"minecraft:use_duration","entries":[{"threshold":0.65,"model":{"type":"minecraft:model","model":"minecraft:item/custom/topaz_bow_pulling_1"}},{"threshold":0.9,"model":{"type":"minecraft:model","model":"minecraft:item/custom/topaz_bow_pulling_2"}}],"scale":0.05,"fallback":{"type":"minecraft:model","model":"minecraft:item/custom/topaz_bow_pulling_0"}},"on_false":{"type":"minecraft:model","model":"minecraft:item/custom/topaz_bow"},"property":"minecraft:using_item"}}]}}