{"model":{"type":"minecraft:range_dispatch","property":"minecraft:custom_model_data","fallback":{"type":"minecraft:select","cases":[{"model":{"type":"minecraft:model","model":"minecraft:item/chainmail_chestplate_quartz_trim"},"when":"minecraft:quartz"},{"model":{"type":"minecraft:model","model":"minecraft:item/chainmail_chestplate_iron_trim"},"when":"minecraft:iron"},{"model":{"type":"minecraft:model","model":"minecraft:item/chainmail_chestplate_netherite_trim"},"when":"minecraft:netherite"},{"model":{"type":"minecraft:model","model":"minecraft:item/chainmail_chestplate_redstone_trim"},"when":"minecraft:redstone"},{"model":{"type":"minecraft:model","model":"minecraft:item/chainmail_chestplate_copper_trim"},"when":"minecraft:copper"},{"model":{"type":"minecraft:model","model":"minecraft:item/chainmail_chestplate_gold_trim"},"when":"minecraft:gold"},{"model":{"type":"minecraft:model","model":"minecraft:item/chainmail_chestplate_emerald_trim"},"when":"minecraft:emerald"},{"model":{"type":"minecraft:model","model":"minecraft:item/chainmail_chestplate_diamond_trim"},"when":"minecraft:diamond"},{"model":{"type":"minecraft:model","model":"minecraft:item/chainmail_chestplate_lapis_trim"},"when":"minecraft:lapis"},{"model":{"type":"minecraft:model","model":"minecraft:item/chainmail_chestplate_amethyst_trim"},"when":"minecraft:amethyst"},{"model":{"type":"minecraft:model","model":"minecraft:item/chainmail_chestplate_resin_trim"},"when":"minecraft:resin"}],"fallback":{"type":"minecraft:model","model":"minecraft:item/chainmail_chestplate"},"property":"minecraft:trim_material"},"entries":[{"threshold":1000,"model":{"type":"minecraft:select","property":"minecraft:trim_material","cases":[{"model":{"type":"minecraft:model","model":"minecraft:item/custom/topaz_chestplate_redstone_trim"},"when":"minecraft:redstone"},{"model":{"type":"minecraft:model","model":"minecraft:item/custom/topaz_chestplate_gold_trim"},"when":"minecraft:gold"},{"model":{"type":"minecraft:model","model":"minecraft:item/custom/topaz_chestplate_resin_trim"},"when":"minecraft:resin"},{"model":{"type":"minecraft:model","model":"minecraft:item/custom/topaz_chestplate_lapis_trim"},"when":"minecraft:lapis"},{"model":{"type":"minecraft:model","model":"minecraft:item/custom/topaz_chestplate_copper_trim"},"when":"minecraft:copper"},{"model":{"type":"minecraft:model","model":"minecraft:item/custom/topaz_chestplate_iron_trim"},"when":"minecraft:iron"},{"model":{"type":"minecraft:model","model":"minecraft:item/custom/topaz_chestplate_emerald_trim"},"when":"minecraft:emerald"},{"model":{"type":"minecraft:model","model":"minecraft:item/custom/topaz_chestplate_diamond_trim"},"when":"minecraft:diamond"},{"model":{"type":"minecraft:model","model":"minecraft:item/custom/topaz_chestplate_amethyst_trim"},"when":"minecraft:amethyst"},{"model":{"type":"minecraft:model","model":"minecraft:item/custom/topaz_chestplate_quartz_trim"},"when":"minecraft:quartz"},{"model":{"type":"minecraft:model","model":"minecraft:item/custom/topaz_chestplate_netherite_trim"},"when":"minecraft:netherite"}],"fallback":{"type":"minecraft:model","model":"minecraft:item/custom/topaz_chestplate"}}}]}}