{"model":{"type":"minecraft:range_dispatch","property":"minecraft:custom_model_data","fallback":{"type":"minecraft:select","cases":[{"model":{"type":"minecraft:model","model":"minecraft:item/crossbow_arrow"},"when":"arrow"},{"model":{"type":"minecraft:model","model":"minecraft:item/crossbow_firework"},"when":"rocket"}],"fallback":{"type":"minecraft:condition","on_false":{"type":"minecraft:model","model":"minecraft:item/crossbow"},"on_true":{"type":"minecraft:range_dispatch","entries":[{"model":{"type":"minecraft:model","model":"minecraft:item/crossbow_pulling_1"},"threshold":0.58},{"model":{"type":"minecraft:model","model":"minecraft:item/crossbow_pulling_2"},"threshold":1.0}],"fallback":{"type":"minecraft:model","model":"minecraft:item/crossbow_pulling_0"},"property":"minecraft:crossbow/pull"},"property":"minecraft:using_item"},"property":"minecraft:charge_type"},"entries":[{"threshold":1000,"model":{"type":"minecraft:condition","on_true":{"type":"minecraft:range_dispatch","property":"minecraft:crossbow/pull","entries":[{"threshold":1.0,"model":{"type":"minecraft:model","model":"minecraft:item/custom/topaz_crossbow_pulling_2"}},{"threshold":0.58,"model":{"type":"minecraft:model","model":"minecraft:item/custom/topaz_crossbow_pulling_1"}}],"fallback":{"type":"minecraft:model","model":"minecraft:item/custom/topaz_crossbow_pulling_0"}},"on_false":{"type":"minecraft:select","property":"minecraft:charge_type","cases":[{"model":{"type":"minecraft:model","model":"minecraft:item/custom/topaz_crossbow_arrow"},"when":"arrow"},{"model":{"type":"minecraft:model","model":"minecraft:item/custom/topaz_crossbow_firework"},"when":"rocket"}],"fallback":{"type":"minecraft:model","model":"minecraft:item/custom/topaz_crossbow"}},"property":"minecraft:using_item"}}]}}