{"model":{"type":"minecraft:range_dispatch","property":"minecraft:custom_model_data","fallback":{"type":"minecraft:condition","on_false":{"type":"minecraft:model","model":"minecraft:item/fishing_rod"},"on_true":{"type":"minecraft:model","model":"minecraft:item/fishing_rod_cast"},"property":"minecraft:fishing_rod/cast"},"entries":[{"threshold":1000,"model":{"type":"minecraft:condition","on_true":{"type":"minecraft:model","model":"minecraft:item/custom/topaz_rod_cast"},"on_false":{"type":"minecraft:model","model":"minecraft:item/custom/topaz_rod"},"property":"minecraft:fishing_rod/cast"}}]}}