{"model":{"type":"minecraft:range_dispatch","property":"minecraft:custom_model_data","fallback":{"type":"minecraft:model","model":"minecraft:item/nether_brick"},"entries":[{"threshold":1000,"model":{"type":"minecraft:model","model":"minecraft:item/custom/palm_sapling"}},{"threshold":1010,"model":{"type":"minecraft:model","model":"minecraft:item/custom/topaz_ore"}},{"threshold":1011,"model":{"type":"minecraft:model","model":"minecraft:item/custom/deepslate_topaz_ore"}},{"threshold":1012,"model":{"type":"minecraft:model","model":"minecraft:item/custom/topaz"}},{"threshold":2000,"model":{"type":"minecraft:model","model":"minecraft:item/custom/bench"}},{"threshold":2001,"model":{"type":"minecraft:model","model":"minecraft:item/custom/table_lamp"}},{"threshold":2002,"model":{"type":"minecraft:model","model":"minecraft:item/custom/wooden_chair"}},{"threshold":3000,"model":{"type":"minecraft:model","model":"minecraft:item/custom/chinese_lantern"}},{"threshold":3001,"model":{"type":"minecraft:model","model":"minecraft:item/custom/netherite_anvil"}},{"threshold":3002,"model":{"type":"minecraft:model","model":"minecraft:item/custom/gunpowder_block"}},{"threshold":3003,"model":{"type":"minecraft:model","model":"minecraft:item/custom/solid_gunpowder_block"}},{"threshold":4000,"model":{"type":"minecraft:model","model":"minecraft:item/custom/fairy_flower"}},{"threshold":4001,"model":{"type":"minecraft:model","model":"minecraft:item/custom/reed"}},{"threshold":4002,"model":{"type":"minecraft:model","model":"minecraft:item/custom/flame_cane"}},{"threshold":4003,"model":{"type":"minecraft:model","model":"minecraft:item/custom/ender_pearl_flower_seeds"}}]}}