{"model":{"type":"minecraft:range_dispatch","property":"minecraft:custom_model_data","fallback":{"type":"minecraft:special","base":"minecraft:item/template_skull","model":{"type":"minecraft:head","kind":"player"}},"entries":[{"threshold":1000,"model":{"type":"minecraft:special","model":{"type":"minecraft:head","kind":"player"},"base":"minecraft:item/custom/gui_head_size_1"}},{"threshold":1001,"model":{"type":"minecraft:special","model":{"type":"minecraft:head","kind":"player"},"base":"minecraft:item/custom/gui_head_size_4"}}]}}