{
	"textures": {
		"0": "item/custom/wooden_chair",
		"particle": "item/custom/wooden_chair"
	},
	"elements": [
		{
			"from": [3.75, -0.25, 3.75],
			"to": [5.25, 7.25, 5.25],
			"rotation": {"angle": 0, "axis": "y", "origin": [4.5, 4, 4.5]},
			"faces": {
				"north": {"uv": [15.5, 0.5, 16, 4], "texture": "#0"},
				"east": {"uv": [15, 0.5, 15.5, 4], "texture": "#0"},
				"south": {"uv": [15, 0.5, 15.5, 4], "texture": "#0"},
				"west": {"uv": [15.5, 0.5, 16, 4], "texture": "#0"},
				"up": {"uv": [16, 0.5, 15.5, 0], "texture": "#0"},
				"down": {"uv": [15.5, 0, 15, 0.5], "texture": "#0"}
			}
		},
		{
			"from": [10.75, -0.25, 3.75],
			"to": [12.25, 7.25, 5.25],
			"rotation": {"angle": 0, "axis": "y", "origin": [11.5, 3.5, 4.5]},
			"faces": {
				"north": {"uv": [16, 0.5, 15.5, 4], "texture": "#0"},
				"east": {"uv": [16, 0.5, 15.5, 4], "texture": "#0"},
				"south": {"uv": [15.5, 0.5, 15, 4], "texture": "#0"},
				"west": {"uv": [15.5, 0.5, 15, 4], "texture": "#0"},
				"up": {"uv": [15.5, 0.5, 16, 0], "texture": "#0"},
				"down": {"uv": [15, 0, 15.5, 0.5], "texture": "#0"}
			}
		},
		{
			"from": [10.75, -0.25, 10.75],
			"to": [12.25, 7.25, 12.25],
			"rotation": {"angle": 0, "axis": "y", "origin": [11.5, 4, 11.5]},
			"faces": {
				"north": {"uv": [15, 0.5, 15.5, 4], "texture": "#0"},
				"east": {"uv": [15.5, 0.5, 16, 4], "texture": "#0"},
				"south": {"uv": [15.5, 0.5, 16, 4], "texture": "#0"},
				"west": {"uv": [15, 0.5, 15.5, 4], "texture": "#0"},
				"up": {"uv": [15.5, 0, 16, 0.5], "texture": "#0"},
				"down": {"uv": [15, 0.5, 15.5, 0], "texture": "#0"}
			}
		},
		{
			"from": [3.75, -0.25, 10.75],
			"to": [5.25, 7.25, 12.25],
			"rotation": {"angle": 0, "axis": "y", "origin": [4.5, 4, 11.5]},
			"faces": {
				"north": {"uv": [15.5, 0.5, 15, 4], "texture": "#0"},
				"east": {"uv": [15.5, 0.5, 15, 4], "texture": "#0"},
				"south": {"uv": [16, 0.5, 15.5, 4], "texture": "#0"},
				"west": {"uv": [16, 0.5, 15.5, 4], "texture": "#0"},
				"up": {"uv": [16, 0, 15.5, 0.5], "texture": "#0"},
				"down": {"uv": [15.5, 0.5, 15, 0], "texture": "#0"}
			}
		},
		{
			"from": [4, 9, 12],
			"to": [12, 17, 12],
			"rotation": {"angle": 0, "axis": "y", "origin": [4, 9, 14]},
			"faces": {
				"north": {"uv": [4, 5, 0, 9], "texture": "#0"},
				"east": {"uv": [0, 0, 0, 4], "texture": "#0"},
				"south": {"uv": [0, 5, 4, 9], "texture": "#0"},
				"west": {"uv": [0, 0, 0, 4], "texture": "#0"},
				"up": {"uv": [4, 0, 0, 0], "texture": "#0"},
				"down": {"uv": [4, 0, 0, 0], "texture": "#0"}
			}
		},
		{
			"from": [4, 16.5, 11.5],
			"to": [12, 18.5, 12.5],
			"rotation": {"angle": 0, "axis": "y", "origin": [4, 17, 14]},
			"faces": {
				"north": {"uv": [8, 5, 4, 6], "texture": "#0"},
				"east": {"uv": [8, 5, 8.5, 6], "texture": "#0"},
				"south": {"uv": [4, 5, 8, 6], "texture": "#0"},
				"west": {"uv": [8, 5, 8.5, 6], "texture": "#0"},
				"up": {"uv": [8, 7, 4, 6.5], "texture": "#0"},
				"down": {"uv": [8, 6, 4, 6.5], "texture": "#0"}
			}
		},
		{
			"from": [3, 9, 11],
			"to": [4, 19, 13],
			"rotation": {"angle": 0, "axis": "y", "origin": [3, 9, 13]},
			"faces": {
				"north": {"uv": [0.5, 11, 1, 16], "texture": "#0"},
				"east": {"uv": [2, 11, 3, 16], "texture": "#0"},
				"south": {"uv": [0, 11, 0.5, 16], "texture": "#0"},
				"west": {"uv": [1, 11, 2, 16], "texture": "#0"},
				"up": {"uv": [2, 11, 1, 10.5], "rotation": 90, "texture": "#0"},
				"down": {"uv": [2, 11, 3, 10.5], "rotation": 90, "texture": "#0"}
			}
		},
		{
			"from": [12, 9, 11],
			"to": [13, 19, 13],
			"rotation": {"angle": 0, "axis": "y", "origin": [13, 9, 13]},
			"faces": {
				"north": {"uv": [1, 11, 0.5, 16], "texture": "#0"},
				"east": {"uv": [2, 11, 1, 16], "texture": "#0"},
				"south": {"uv": [0.5, 11, 0, 16], "texture": "#0"},
				"west": {"uv": [3, 11, 2, 16], "texture": "#0"},
				"up": {"uv": [2, 10.5, 1, 11], "rotation": 90, "texture": "#0"},
				"down": {"uv": [2, 10.5, 3, 11], "rotation": 90, "texture": "#0"}
			}
		},
		{
			"from": [3, 7, 3],
			"to": [13, 9, 13],
			"rotation": {"angle": 0, "axis": "y", "origin": [3, 7, 5]},
			"faces": {
				"north": {"uv": [10, 2, 15, 3], "texture": "#0"},
				"east": {"uv": [10, 0, 15, 1], "texture": "#0"},
				"south": {"uv": [10, 1, 15, 2], "texture": "#0"},
				"west": {"uv": [15, 0, 10, 1], "texture": "#0"},
				"up": {"uv": [5, 5, 0, 0], "texture": "#0"},
				"down": {"uv": [10, 0, 5, 5], "texture": "#0"}
			}
		}
	],
	"gui_light": "front",
	"display": {
		"thirdperson_righthand": {
			"rotation": [60, 145, 0],
			"translation": [0, 1.25, 0],
			"scale": [0.5, 0.5, 0.5]
		},
		"thirdperson_lefthand": {
			"rotation": [60, 145, 0],
			"translation": [0, 1.25, 0],
			"scale": [0.5, 0.5, 0.5]
		},
		"firstperson_righthand": {
			"rotation": [0, 111, 0],
			"translation": [0.5, 3, 0],
			"scale": [0.5, 0.5, 0.5]
		},
		"firstperson_lefthand": {
			"rotation": [0, 111, 0],
			"translation": [0.5, 3, 0],
			"scale": [0.5, 0.5, 0.5]
		},
		"ground": {
			"translation": [0, 3.25, 0],
			"scale": [0.5, 0.5, 0.5]
		},
		"gui": {
			"rotation": [25, 138, 0],
			"translation": [0, -1, 0],
			"scale": [0.65, 0.65, 0.65]
		},
		"fixed": {
			"rotation": [0, 90, 0],
			"translation": [0, 0, 1.5],
			"scale": [0.8, 0.8, 0.8]
		}
	}
}