{"providers":[{"type":"bitmap","height":140,"ascent":18,"file":"minecraft:font/gui/custom/item_browser.png","chars":["\ub000"]},{"type":"bitmap","height":140,"ascent":18,"file":"minecraft:font/gui/custom/category.png","chars":["\ub001"]},{"type":"bitmap","height":142,"ascent":20,"file":"minecraft:font/gui/custom/crafting_recipe.png","chars":["\ub002"]},{"type":"bitmap","height":138,"ascent":16,"file":"minecraft:font/gui/custom/cooking_recipe.png","chars":["\ub003"]},{"type":"bitmap","height":23,"ascent":20,"file":"minecraft:font/gui/custom/smelting.png","chars":["\ub004"]},{"type":"bitmap","height":23,"ascent":20,"file":"minecraft:font/gui/custom/smoking.png","chars":["\ub005"]},{"type":"bitmap","height":23,"ascent":20,"file":"minecraft:font/gui/custom/blasting.png","chars":["\ub006"]},{"type":"bitmap","height":23,"ascent":20,"file":"minecraft:font/gui/custom/campfire.png","chars":["\ub007"]},{"type":"bitmap","height":142,"ascent":20,"file":"minecraft:font/gui/custom/stonecutting_recipe.png","chars":["\ub008"]},{"type":"bitmap","height":142,"ascent":20,"file":"minecraft:font/gui/custom/smithing_transform_recipe.png","chars":["\ub009"]},{"type":"bitmap","height":140,"ascent":18,"file":"minecraft:font/gui/custom/no_recipe.png","chars":["\ub00a"]}]}